iter	Logloss
0	0.2082395188
1	0.1360790126
2	0.1180983846
